antecedents,consequents,antecedent support,consequent support,support,confidence,lift,representativity,leverage,conviction,zhangs_metric,jaccard,certainty,kulczynski
frozenset({'PACK OF 72 RETROSPOT CAKE CASES'}),frozenset({'60 TEATIME FAIRY CAKE CASES'}),0.06579938721181375,0.041086945602491334,0.02230147169621779,0.3389312977099237,8.249123723847031,1.0,0.019597975853168737,1.4505497705089334,0.9406705484989264,0.2636579572446556,0.310606212671252,0.4408592918867467
frozenset({'60 TEATIME FAIRY CAKE CASES'}),frozenset({'PACK OF 72 RETROSPOT CAKE CASES'}),0.041086945602491334,0.06579938721181375,0.02230147169621779,0.5427872860635697,8.249123723847031,1.0,0.019597975853168737,2.0432516076490277,0.9164282400886038,0.2636579572446556,0.5105840140996618,0.4408592918867467
frozenset({'ALARM CLOCK BAKELIKE GREEN'}),frozenset({'ALARM CLOCK BAKELIKE PINK'}),0.048822140740368676,0.03897734692852479,0.0207946155005274,0.42592592592592593,10.927524818633065,1.0,0.018891657983096787,1.6740394601890212,0.9551189183356256,0.3103448275862069,0.4026425160329932,0.4797155402825506
frozenset({'ALARM CLOCK BAKELIKE PINK'}),frozenset({'ALARM CLOCK BAKELIKE GREEN'}),0.03897734692852479,0.048822140740368676,0.0207946155005274,0.5335051546391752,10.927524818633065,1.0,0.018891657983096787,2.038989002169817,0.9453346028600712,0.3103448275862069,0.5095608662254497,0.4797155402825506
frozenset({'ALARM CLOCK BAKELIKE GREEN'}),frozenset({'ALARM CLOCK BAKELIKE RED '}),0.048822140740368676,0.05228790999045658,0.03179466572906726,0.6512345679012346,12.454782912916118,1.0,0.029241858028493457,2.7173337802043545,0.9669164931262477,0.4586956521739131,0.6319922096854822,0.6296518660831821
frozenset({'ALARM CLOCK BAKELIKE RED '}),frozenset({'ALARM CLOCK BAKELIKE GREEN'}),0.05228790999045658,0.048822140740368676,0.03179466572906726,0.6080691642651297,12.45478291291612,1.0,0.029241858028493457,2.4269023320815593,0.9704524925976126,0.4586956521739131,0.5879521038894475,0.6296518660831821
frozenset({'ALARM CLOCK BAKELIKE PINK'}),frozenset({'ALARM CLOCK BAKELIKE RED '}),0.03897734692852479,0.05228790999045658,0.02340649957305741,0.6005154639175257,11.484786139417887,1.0,0.02136845556519191,2.3723373607980824,0.9499550133479469,0.34492968171724653,0.578474791770936,0.5240809788367649
frozenset({'ALARM CLOCK BAKELIKE RED '}),frozenset({'ALARM CLOCK BAKELIKE PINK'}),0.05228790999045658,0.03897734692852479,0.02340649957305741,0.44764649375600385,11.484786139417887,1.0,0.02136845556519191,1.739868837995488,0.9632970781421597,0.34492968171724653,0.42524403095114627,0.5240809788367649
frozenset({'CHARLOTTE BAG SUKI DESIGN'}),frozenset({'CHARLOTTE BAG PINK POLKADOT'}),0.043698829675021346,0.0367170626349892,0.020041187402682206,0.45862068965517244,12.490669371196756,1.0,0.018436694736428724,1.7793124320754978,0.9619775316751884,0.33194675540765395,0.4379851554043606,0.5022241615170527
frozenset({'CHARLOTTE BAG PINK POLKADOT'}),frozenset({'CHARLOTTE BAG SUKI DESIGN'}),0.0367170626349892,0.043698829675021346,0.020041187402682206,0.545827633378933,12.490669371196756,1.0,0.018436694736428724,2.1055908298420465,0.9550052260696585,0.33194675540765395,0.5250739194779755,0.5022241615170527
frozenset({'RED RETROSPOT CHARLOTTE BAG'}),frozenset({'CHARLOTTE BAG PINK POLKADOT'}),0.0512331106534733,0.0367170626349892,0.025666783866592997,0.5009803921568627,13.64434832756632,1.0,0.023785654533744087,1.9303508764485482,0.9767516044656398,0.4120967741935484,0.48195946540051,0.6000113999088007
frozenset({'CHARLOTTE BAG PINK POLKADOT'}),frozenset({'RED RETROSPOT CHARLOTTE BAG'}),0.0367170626349892,0.0512331106534733,0.025666783866592997,0.6990424076607387,13.64434832756632,1.0,0.023785654533744087,3.152493618692322,0.9620325923845796,0.4120967741935484,0.6827907932721502,0.6000113999088007
frozenset({'CHARLOTTE BAG SUKI DESIGN'}),frozenset({'RED RETROSPOT CHARLOTTE BAG'}),0.043698829675021346,0.0512331106534733,0.024863127228891457,0.5689655172413793,11.105425963488845,1.0,0.022624300252723807,2.2011391832839418,0.9515348877185109,0.35483870967741943,0.5456897920884443,0.5271298174442192
frozenset({'RED RETROSPOT CHARLOTTE BAG'}),frozenset({'CHARLOTTE BAG SUKI DESIGN'}),0.0512331106534733,0.043698829675021346,0.024863127228891457,0.4852941176470589,11.105425963488845,1.0,0.022624300252723807,1.8579565594885301,0.9590911497312049,0.35483870967741943,0.4617742837457479,0.5271298174442192
frozenset({'CHARLOTTE BAG SUKI DESIGN'}),frozenset({'STRAWBERRY CHARLOTTE BAG'}),0.043698829675021346,0.03576272037771862,0.02034255864182028,0.46551724137931033,13.01682971716389,1.0,0.01877976961531894,1.8040568457449133,0.9653615483228383,0.34409515717926925,0.44569374165862846,0.5171687330492057
frozenset({'STRAWBERRY CHARLOTTE BAG'}),frozenset({'CHARLOTTE BAG SUKI DESIGN'}),0.03576272037771862,0.043698829675021346,0.02034255864182028,0.5688202247191011,13.01682971716389,1.0,0.01877976961531894,2.217871118147833,0.9574161857852018,0.34409515717926925,0.5491171728521762,0.5171687330492057
frozenset({'CHARLOTTE BAG SUKI DESIGN'}),frozenset({'WOODLAND CHARLOTTE BAG'}),0.043698829675021346,0.04133808830177307,0.022401928775930485,0.5126436781609196,12.401242999399452,1.0,0.02059550269614031,1.9670657150411734,0.9613738333187696,0.35765838011226947,0.4916285753172875,0.5272817418751135
frozenset({'WOODLAND CHARLOTTE BAG'}),frozenset({'CHARLOTTE BAG SUKI DESIGN'}),0.04133808830177307,0.043698829675021346,0.022401928775930485,0.5419198055893074,12.40124299939945,1.0,0.02059550269614031,2.087628284290338,0.9590064137355159,0.35765838011226947,0.5209875208507548,0.5272817418751135
frozenset({'DOLLY GIRL LUNCH BOX'}),frozenset({'SPACEBOY LUNCH BOX '}),0.04249334471846904,0.045004771711286355,0.026922497363001657,0.6335697399527186,14.077834768659233,1.0,0.02501009408469796,2.6062127842975857,0.9701930989233656,0.4444444444444445,0.6163014754493596,0.6158920128335021
frozenset({'SPACEBOY LUNCH BOX '}),frozenset({'DOLLY GIRL LUNCH BOX'}),0.045004771711286355,0.04249334471846904,0.026922497363001657,0.5982142857142857,14.077834768659235,1.0,0.02501009408469796,2.383127675367366,0.9727444929667133,0.4444444444444445,0.5803833716773705,0.6158920128335021
frozenset({'JUMBO BAG RED RETROSPOT'}),frozenset({'DOTCOM POSTAGE'}),0.10467627706062585,0.0353106635190115,0.0242603847506153,0.2317658349328215,6.563621632542736,1.0,0.020564195952904717,1.2557230338703187,0.9467470432285361,0.20963541666666669,0.20364604850971274,0.45941065573099116
frozenset({'DOTCOM POSTAGE'}),frozenset({'JUMBO BAG RED RETROSPOT'}),0.0353106635190115,0.10467627706062585,0.0242603847506153,0.6870554765291608,6.563621632542736,1.0,0.020564195952904717,2.8609662601199095,0.8786715633421147,0.20963541666666669,0.6504677409379558,0.45941065573099116
frozenset({'GARDENERS KNEELING PAD KEEP CALM '}),frozenset({'GARDENERS KNEELING PAD CUP OF TEA '}),0.045758199809131546,0.038023004671254204,0.027374554221708775,0.5982436882546652,15.733729972869394,1.0,0.025634689976617983,2.394429078536851,0.9813469500893865,0.48530721282279604,0.5823639092242131,0.6590954240480724
frozenset({'GARDENERS KNEELING PAD CUP OF TEA '}),frozenset({'GARDENERS KNEELING PAD KEEP CALM '}),0.038023004671254204,0.045758199809131546,0.027374554221708775,0.7199471598414796,15.733729972869394,1.0,0.025634689976617983,3.4073634091721114,0.9734560023912993,0.48530721282279604,0.706517949535952,0.6590954240480724
frozenset({'GREEN REGENCY TEACUP AND SAUCER'}),frozenset({'PINK REGENCY TEACUP AND SAUCER'}),0.050730825254909837,0.03832437591039228,0.031694208649354565,0.6247524752475249,16.301699907867594,1.0,0.029749981432040978,2.5627767291042325,0.9888203779721866,0.5525394045534151,0.6097982361695902,0.7258755823157677
frozenset({'PINK REGENCY TEACUP AND SAUCER'}),frozenset({'GREEN REGENCY TEACUP AND SAUCER'}),0.03832437591039228,0.050730825254909837,0.031694208649354565,0.8269986893840106,16.30169990786759,1.0,0.029749981432040978,5.487063487352304,0.9760637377674896,0.5525394045534151,0.8177531566192003,0.7258755823157677
frozenset({'GREEN REGENCY TEACUP AND SAUCER'}),frozenset({'REGENCY CAKESTAND 3 TIER'}),0.050730825254909837,0.0990004520568587,0.025415641167311265,0.500990099009901,5.060482943271497,1.0,0.020393266533857687,1.805574490917803,0.8452717346861734,0.20444444444444443,0.44615965443126987,0.37885628745522953
frozenset({'REGENCY CAKESTAND 3 TIER'}),frozenset({'GREEN REGENCY TEACUP AND SAUCER'}),0.0990004520568587,0.050730825254909837,0.025415641167311265,0.2567224759005581,5.060482943271496,1.0,0.020393266533857687,1.2771396200836673,0.8905558319675545,0.20444444444444443,0.21700025253739405,0.37885628745522953
frozenset({'GREEN REGENCY TEACUP AND SAUCER'}),frozenset({'ROSES REGENCY TEACUP AND SAUCER '}),0.050730825254909837,0.05334270932743985,0.03837460445024863,0.7564356435643564,14.18067535567116,1.0,0.03566848478473483,3.886682372273519,0.9791548293782132,0.584097859327217,0.7427111597454646,0.7379165035147583
frozenset({'ROSES REGENCY TEACUP AND SAUCER '}),frozenset({'GREEN REGENCY TEACUP AND SAUCER'}),0.05334270932743985,0.050730825254909837,0.03837460445024863,0.7193973634651601,14.180675355671163,1.0,0.03566848478473483,3.3829659851653893,0.9818563761032976,0.584097859327217,0.7044014026788652,0.7379165035147583
frozenset({'HEART OF WICKER LARGE'}),frozenset({'HEART OF WICKER SMALL'}),0.04641117082726405,0.060224019287759306,0.024762670149178764,0.5335497835497836,8.85941838256267,1.0,0.021967602902110122,2.0147401535454996,0.9303021868978446,0.3024539877300614,0.5036580780701572,0.4723628817665515
frozenset({'HEART OF WICKER SMALL'}),frozenset({'HEART OF WICKER LARGE'}),0.060224019287759306,0.04641117082726405,0.024762670149178764,0.41117597998331945,8.85941838256267,1.0,0.021967602902110122,1.619480178722536,0.9439757893241891,0.3024539877300614,0.38251791337834645,0.4723628817665515
frozenset({'JAM MAKING SET WITH JARS'}),frozenset({'JAM MAKING SET PRINTED'}),0.05670802149781506,0.05811442061379276,0.023657642272339144,0.4171833480956599,7.178654517922638,1.0,0.020362088458839116,1.6160924302842372,0.9124408448252082,0.25950413223140495,0.38122351094477885,0.41213532141170206
frozenset({'JAM MAKING SET PRINTED'}),frozenset({'JAM MAKING SET WITH JARS'}),0.05811442061379276,0.05670802149781506,0.023657642272339144,0.4070872947277442,7.178654517922639,1.0,0.020362088458839116,1.5909458004767172,0.9138032778272936,0.25950413223140495,0.37144307511899144,0.41213532141170206
frozenset({'JUMBO  BAG BAROQUE BLACK WHITE'}),frozenset({'JUMBO BAG PINK POLKADOT'}),0.04661208498668944,0.06107790446531719,0.0207946155005274,0.44612068965517243,7.304125666401997,1.0,0.017947647026781137,1.695174522677404,0.9052884565216119,0.2393063583815029,0.410090237540514,0.393290607985481
frozenset({'JUMBO BAG PINK POLKADOT'}),frozenset({'JUMBO  BAG BAROQUE BLACK WHITE'}),0.06107790446531719,0.04661208498668944,0.0207946155005274,0.3404605263157895,7.304125666401997,1.0,0.017947647026781137,1.4455357913418774,0.9192360880135192,0.2393063583815029,0.3082149843749567,0.393290607985481
frozenset({'JUMBO BAG RED RETROSPOT'}),frozenset({'JUMBO  BAG BAROQUE BLACK WHITE'}),0.10467627706062585,0.04661208498668944,0.029333467276106282,0.2802303262955854,6.011967204977166,1.0,0.02445428775366614,1.3245736099251595,0.9311325866010876,0.24052718286655683,0.24504006987086085,0.4547703355615858
frozenset({'JUMBO  BAG BAROQUE BLACK WHITE'}),frozenset({'JUMBO BAG RED RETROSPOT'}),0.04661208498668944,0.10467627706062585,0.029333467276106282,0.6293103448275862,6.011967204977165,1.0,0.02445428775366614,2.415291903743428,0.8744238109775241,0.24052718286655683,0.5859713691541326,0.4547703355615858
frozenset({'JUMBO  BAG BAROQUE BLACK WHITE'}),frozenset({'JUMBO SHOPPER VINTAGE RED PAISLEY'}),0.04661208498668944,0.05856647747249987,0.020995529659952786,0.4504310344827586,7.6909360767729344,1.0,0.01826562403463359,1.7130398213833729,0.9125108487989374,0.24940334128878286,0.41624240866015266,0.4044608002602472
frozenset({'JUMBO SHOPPER VINTAGE RED PAISLEY'}),frozenset({'JUMBO  BAG BAROQUE BLACK WHITE'}),0.05856647747249987,0.04661208498668944,0.020995529659952786,0.3584905660377359,7.690936076772935,1.0,0.01826562403463359,1.4861635145795724,0.92409797903498,0.24940334128878286,0.3271265307015059,0.4044608002602472
frozenset({'JUMBO STORAGE BAG SUKI'}),frozenset({'JUMBO  BAG BAROQUE BLACK WHITE'}),0.059068762871063336,0.04661208498668944,0.020995529659952786,0.3554421768707483,7.625536960473845,1.0,0.018242211464948175,1.4791348127383288,0.923406152998176,0.2479240806642942,0.3239291027511579,0.4029366056767535
frozenset({'JUMBO  BAG BAROQUE BLACK WHITE'}),frozenset({'JUMBO STORAGE BAG SUKI'}),0.04661208498668944,0.059068762871063336,0.020995529659952786,0.4504310344827586,7.625536960473845,1.0,0.018242211464948175,1.7121258589326536,0.9113412077400996,0.2479240806642942,0.41593078874271294,0.4029366056767535
frozenset({'JUMBO BAG ALPHABET'}),frozenset({'JUMBO BAG RED RETROSPOT'}),0.04545682856999347,0.10467627706062585,0.020744386960671053,0.456353591160221,4.359665857201938,1.0,0.015986135378981046,1.6468861163823854,0.8073229645039683,0.16032608695652173,0.3927934724493038,0.3272650873267516
frozenset({'JUMBO BAG RED RETROSPOT'}),frozenset({'JUMBO BAG ALPHABET'}),0.10467627706062585,0.04545682856999347,0.020744386960671053,0.19817658349328215,4.359665857201939,1.0,0.015986135378981046,1.1904655710712948,0.8607217737690557,0.16032608695652173,0.15999250688106473,0.3272650873267516
frozenset({'JUMBO BAG APPLES'}),frozenset({'JUMBO BAG PEARS'}),0.04907328343965041,0.029885981214526094,0.020392787181676628,0.4155578300921187,13.904774519838641,1.0,0.01892618395466412,1.6598973666434467,0.9759766350714353,0.34819897084048024,0.3975531137674222,0.5489553856342947
frozenset({'JUMBO BAG PEARS'}),frozenset({'JUMBO BAG APPLES'}),0.029885981214526094,0.04907328343965041,0.020392787181676628,0.6823529411764706,13.904774519838643,1.0,0.01892618395466412,2.9936581817640637,0.9566733796817031,0.34819897084048024,0.6659605274605088,0.5489553856342947
frozenset({'JUMBO BAG APPLES'}),frozenset({'JUMBO BAG RED RETROSPOT'}),0.04907328343965041,0.10467627706062585,0.02742478276156512,0.5588536335721597,5.338875715349389,1.0,0.022287974147961652,2.029538926477421,0.8546343613425802,0.21709741550695824,0.5072772505350983,0.4104248974002833
frozenset({'JUMBO BAG RED RETROSPOT'}),frozenset({'JUMBO BAG APPLES'}),0.10467627706062585,0.04907328343965041,0.02742478276156512,0.2619961612284069,5.338875715349389,1.0,0.022287974147961652,1.288511883817795,0.9077103915252582,0.21709741550695824,0.22391092192564724,0.4104248974002833
frozenset({'JUMBO BAG RED RETROSPOT'}),frozenset({'JUMBO BAG PINK POLKADOT'}),0.10467627706062585,0.06107790446531719,0.04133808830177307,0.39491362763915544,6.465736359101929,1.0,0.03494468065167909,1.5517158184728619,0.944170866003521,0.3322567622123537,0.3555521003941553,0.5358614190827357
frozenset({'JUMBO BAG PINK POLKADOT'}),frozenset({'JUMBO BAG RED RETROSPOT'}),0.06107790446531719,0.10467627706062585,0.04133808830177307,0.6768092105263158,6.465736359101929,1.0,0.03494468065167909,2.7702637330643234,0.9003287694063423,0.3322567622123537,0.6390235384217908,0.5358614190827357
frozenset({'JUMBO BAG WOODLAND ANIMALS'}),frozenset({'JUMBO BAG PINK POLKADOT'}),0.042995630117032495,0.06107790446531719,0.021548043598372594,0.5011682242990654,8.2053932381333,1.0,0.018921960609658367,1.8822419526409566,0.9175809057717418,0.2611077297626293,0.4687186742400948,0.4269821384653222
frozenset({'JUMBO BAG PINK POLKADOT'}),frozenset({'JUMBO BAG WOODLAND ANIMALS'}),0.06107790446531719,0.042995630117032495,0.021548043598372594,0.3527960526315789,8.2053932381333,1.0,0.018921960609658367,1.4786751128051951,0.9352521798357136,0.2611077297626293,0.32371892152637927,0.4269821384653222
frozenset({'JUMBO BAG PINK POLKADOT'}),frozenset({'JUMBO SHOPPER VINTAGE RED PAISLEY'}),0.06107790446531719,0.05856647747249987,0.023456728112913758,0.384046052631579,6.5574381319400565,1.0,0.019879610396978258,1.5284154384425104,0.9026323105753266,0.24386422976501307,0.3457276242779761,0.3922803161957209
frozenset({'JUMBO SHOPPER VINTAGE RED PAISLEY'}),frozenset({'JUMBO BAG PINK POLKADOT'}),0.05856647747249987,0.06107790446531719,0.023456728112913758,0.4005145797598628,6.557438131940057,1.0,0.019879610396978258,1.5662133954126471,0.9002243921242374,0.24386422976501307,0.36151740054775094,0.3922803161957209
frozenset({'JUMBO STORAGE BAG SUKI'}),frozenset({'JUMBO BAG PINK POLKADOT'}),0.059068762871063336,0.06107790446531719,0.025867698026018383,0.4379251700680272,7.1699442523720025,1.0,0.0222599017704951,1.6704574649754722,0.9145502537187113,0.2743740010655301,0.4013615904822315,0.4307224534550662
frozenset({'JUMBO BAG PINK POLKADOT'}),frozenset({'JUMBO STORAGE BAG SUKI'}),0.06107790446531719,0.059068762871063336,0.025867698026018383,0.42351973684210525,7.169944252372002,1.0,0.0222599017704951,1.6322002629797248,0.9165072435089402,0.2743740010655301,0.38733008278382924,0.4307224534550662
frozenset({'JUMBO BAG RED RETROSPOT'}),frozenset({'JUMBO BAG PINK VINTAGE PAISLEY'}),0.10467627706062585,0.042995630117032495,0.026018383645587423,0.24856046065259116,5.781063330762193,1.0,0.02151776115506074,1.2735613709042812,0.9237121954653511,0.2138728323699422,0.21480030499829092,0.42685032378423954
frozenset({'JUMBO BAG PINK VINTAGE PAISLEY'}),frozenset({'JUMBO BAG RED RETROSPOT'}),0.042995630117032495,0.10467627706062585,0.026018383645587423,0.6051401869158879,5.781063330762194,1.0,0.02151776115506074,2.267447061645279,0.8641772888348229,0.2138728323699422,0.5589753706203877,0.42685032378423954
frozenset({'JUMBO BAG PINK VINTAGE PAISLEY'}),frozenset({'JUMBO SHOPPER VINTAGE RED PAISLEY'}),0.042995630117032495,0.05856647747249987,0.020593701341102014,0.47897196261682246,8.178261409724115,1.0,0.018075598738436893,1.8068768952545744,0.9171584271345784,0.2543424317617866,0.44655886484225144,0.41530073259486067
frozenset({'JUMBO SHOPPER VINTAGE RED PAISLEY'}),frozenset({'JUMBO BAG PINK VINTAGE PAISLEY'}),0.05856647747249987,0.042995630117032495,0.020593701341102014,0.3516295025728988,8.178261409724115,1.0,0.018075598738436893,1.4760146763009792,0.9323277763535786,0.2543424317617866,0.32249996151387406,0.41530073259486067
frozenset({'JUMBO BAG RED RETROSPOT'}),frozenset({'JUMBO BAG SCANDINAVIAN BLUE PAISLEY'}),0.10467627706062585,0.03320106484504495,0.02245215731578683,0.21449136276391556,6.46037600796792,1.0,0.0189767934533591,1.2307935130500467,0.9440275359181202,0.19451697127937337,0.1875160297831876,0.44536973584489276
frozenset({'JUMBO BAG SCANDINAVIAN BLUE PAISLEY'}),frozenset({'JUMBO BAG RED RETROSPOT'}),0.03320106484504495,0.10467627706062585,0.02245215731578683,0.67624810892587,6.46037600796792,1.0,0.0189767934533591,2.7654625273968523,0.8742358077587538,0.19451697127937337,0.6383968359385775,0.44536973584489276
frozenset({'JUMBO BAG RED RETROSPOT'}),frozenset({'JUMBO BAG SPACEBOY DESIGN'}),0.10467627706062585,0.03440654980159727,0.021497815058516247,0.20537428023032628,5.969046051249001,1.0,0.01789626551878403,1.215155042399439,0.9297966994796242,0.1828278513455788,0.17705974537586172,0.4150958992392507
frozenset({'JUMBO BAG SPACEBOY DESIGN'}),frozenset({'JUMBO BAG RED RETROSPOT'}),0.03440654980159727,0.10467627706062585,0.021497815058516247,0.6248175182481751,5.969046051249001,1.0,0.01789626551878403,2.3863686778734285,0.8621320312226539,0.1828278513455788,0.580953266244203,0.4150958992392507
frozenset({'JUMBO BAG STRAWBERRY'}),frozenset({'JUMBO BAG RED RETROSPOT'}),0.04088603144306595,0.10467627706062585,0.02687226882314531,0.6572481572481572,6.2788644734422085,1.0,0.022592471267901478,2.6121631199736575,0.8765752154133415,0.2264071096064325,0.6171755154363849,0.4569830037680325
frozenset({'JUMBO BAG RED RETROSPOT'}),frozenset({'JUMBO BAG STRAWBERRY'}),0.10467627706062585,0.04088603144306595,0.02687226882314531,0.25671785028790783,6.278864473442208,1.0,0.022592471267901478,1.2903767014026148,0.9390296627387241,0.2264071096064325,0.22503250491657276,0.4569830037680325
frozenset({'JUMBO BAG RED RETROSPOT'}),frozenset({'JUMBO BAG VINTAGE LEAF'}),0.10467627706062585,0.04410065799387212,0.02134712943894721,0.20393474088291746,4.624301544690209,1.0,0.01673083674422475,1.2007801258232493,0.875382955201716,0.16752069373275524,0.16720806874247301,0.34399470529339493
frozenset({'JUMBO BAG VINTAGE LEAF'}),frozenset({'JUMBO BAG RED RETROSPOT'}),0.04410065799387212,0.10467627706062585,0.02134712943894721,0.48405466970387245,4.624301544690209,1.0,0.01673083674422475,1.7353073482136214,0.8199096829630912,0.16752069373275524,0.4237332072445664,0.34399470529339493
frozenset({'JUMBO BAG RED RETROSPOT'}),frozenset({'JUMBO BAG WOODLAND ANIMALS'}),0.10467627706062585,0.042995630117032495,0.02687226882314531,0.25671785028790783,5.970789347408829,1.0,0.02237164633261863,1.2875384808496477,0.9298513323983171,0.22245322245322244,0.22332418419051892,0.4408589251439539
frozenset({'JUMBO BAG WOODLAND ANIMALS'}),frozenset({'JUMBO BAG RED RETROSPOT'}),0.042995630117032495,0.10467627706062585,0.02687226882314531,0.625,5.970789347408829,1.0,0.02237164633261863,2.387529927838331,0.8699207473888627,0.22245322245322244,0.5811570827489481,0.4408589251439539
frozenset({'JUMBO BAG RED RETROSPOT'}),frozenset({'JUMBO SHOPPER VINTAGE RED PAISLEY'}),0.10467627706062585,0.05856647747249987,0.034054950022602844,0.3253358925143954,5.554984806234217,1.0,0.027924429200226544,1.395410711911316,0.9158491893077155,0.26360808709175737,0.28336511145862975,0.4534055105796677
frozenset({'JUMBO SHOPPER VINTAGE RED PAISLEY'}),frozenset({'JUMBO BAG RED RETROSPOT'}),0.05856647747249987,0.10467627706062585,0.034054950022602844,0.58147512864494,5.554984806234218,1.0,0.027924429200226544,2.1392366003018655,0.8709924664893576,0.26360808709175737,0.5325435251720679,0.4534055105796677
frozenset({'JUMBO BAG RED RETROSPOT'}),frozenset({'JUMBO STORAGE BAG SKULLS'}),0.10467627706062585,0.035059520819729774,0.020744386960671053,0.19817658349328215,5.652575359266123,1.0,0.01707448684573224,1.2034326502762915,0.9193205396832945,0.17433516251582945,0.16904365211429673,0.39493356395294477
frozenset({'JUMBO STORAGE BAG SKULLS'}),frozenset({'JUMBO BAG RED RETROSPOT'}),0.035059520819729774,0.10467627706062585,0.020744386960671053,0.5916905444126074,5.652575359266123,1.0,0.01707448684573224,2.1927577495146773,0.8529950871820688,0.17433516251582945,0.5439532706149004,0.39493356395294477
frozenset({'JUMBO BAG RED RETROSPOT'}),frozenset({'JUMBO STORAGE BAG SUKI'}),0.10467627706062585,0.059068762871063336,0.03631523431613843,0.3469289827255278,5.8733070723490926,1.0,0.030132136128218596,1.4407793520769314,0.9267465504297779,0.28498226251478126,0.3059311971965266,0.4808624505464374
frozenset({'JUMBO STORAGE BAG SUKI'}),frozenset({'JUMBO BAG RED RETROSPOT'}),0.059068762871063336,0.10467627706062585,0.03631523431613843,0.6147959183673469,5.8733070723490926,1.0,0.030132136128218596,2.3242841019353286,0.8818265767047877,0.28498226251478126,0.569759996565246,0.4808624505464374
frozenset({'JUMBO BAG RED RETROSPOT'}),frozenset({'LUNCH BAG RED RETROSPOT'}),0.10467627706062585,0.07815560801647496,0.028931638957255514,0.2763915547024952,3.536426389827749,1.0,0.02075060087868131,1.2739547167729883,0.8010830606202276,0.18798955613577026,0.21504274301596343,0.32328575164430673
frozenset({'LUNCH BAG RED RETROSPOT'}),frozenset({'JUMBO BAG RED RETROSPOT'}),0.07815560801647496,0.10467627706062585,0.028931638957255514,0.37017994858611825,3.5364263898277484,1.0,0.02075060087868131,1.4215548090751695,0.778036591050812,0.18798955613577026,0.296544886193606,0.32328575164430673
frozenset({'JUMBO BAG RED RETROSPOT'}),frozenset({'RECYCLING BAG RETROSPOT '}),0.10467627706062585,0.03716911949369632,0.020744386960671053,0.19817658349328215,5.3317535145510195,1.0,0.01685366191044939,1.200801648698466,0.907430935005043,0.17129821650767316,0.16722299550147393,0.3781423458006951
frozenset({'RECYCLING BAG RETROSPOT '}),frozenset({'JUMBO BAG RED RETROSPOT'}),0.03716911949369632,0.10467627706062585,0.020744386960671053,0.5581081081081081,5.331753514551019,1.0,0.01685366191044939,2.026114847018767,0.8438080450970259,0.17129821650767316,0.5064445623744361,0.3781423458006951
frozenset({'JUMBO BAG RED RETROSPOT'}),frozenset({'RED RETROSPOT CHARLOTTE BAG'}),0.10467627706062585,0.0512331106534733,0.02124667235923452,0.2029750479846449,3.9617943434571528,1.0,0.015883781073793846,1.1903854288971472,0.8349930868471049,0.15777694889966432,0.15993595374695832,0.30884046516879304
frozenset({'RED RETROSPOT CHARLOTTE BAG'}),frozenset({'JUMBO BAG RED RETROSPOT'}),0.0512331106534733,0.10467627706062585,0.02124667235923452,0.4147058823529412,3.9617943434571528,1.0,0.015883781073793846,1.5296988231124986,0.78795869411031,0.15777694889966432,0.34627654483953474,0.30884046516879304
frozenset({'WHITE HANGING HEART T-LIGHT HOLDER'}),frozenset({'JUMBO BAG RED RETROSPOT'}),0.112963986136923,0.10467627706062585,0.02230147169621779,0.1974210760337928,1.8860154523784938,1.0,0.010476822185476542,1.115558478055763,0.5296083172640365,0.11416816662381074,0.1035880057647563,0.20523644972514976
frozenset({'JUMBO BAG RED RETROSPOT'}),frozenset({'WHITE HANGING HEART T-LIGHT HOLDER'}),0.10467627706062585,0.112963986136923,0.02230147169621779,0.21305182341650672,1.8860154523784936,1.0,0.010476822185476542,1.1271847883479589,0.5247059120831912,0.11416816662381074,0.11283401768965075,0.20523644972514976
frozenset({'JUMBO STORAGE BAG SUKI'}),frozenset({'JUMBO BAG WOODLAND ANIMALS'}),0.059068762871063336,0.042995630117032495,0.0222010146165051,0.37585034013605445,8.74159395066438,1.0,0.019661315936630158,1.5332931048806129,0.9411999005795421,0.27798742138364785,0.34780897610710687,0.4461027401614852
frozenset({'JUMBO BAG WOODLAND ANIMALS'}),frozenset({'JUMBO STORAGE BAG SUKI'}),0.042995630117032495,0.059068762871063336,0.0222010146165051,0.516355140186916,8.74159395066438,1.0,0.019661315936630158,1.9455003357062075,0.9253922079229813,0.27798742138364785,0.4859934066076608,0.4461027401614852
frozenset({'JUMBO STORAGE BAG SUKI'}),frozenset({'JUMBO SHOPPER VINTAGE RED PAISLEY'}),0.059068762871063336,0.05856647747249987,0.025968155105731076,0.43962585034013607,7.506441727634451,1.0,0.022508705735714507,1.6800088353449774,0.9211949330513565,0.28328767123287674,0.40476503518229573,0.4415110383776152
frozenset({'JUMBO SHOPPER VINTAGE RED PAISLEY'}),frozenset({'JUMBO STORAGE BAG SUKI'}),0.05856647747249987,0.059068762871063336,0.025968155105731076,0.44339622641509435,7.50644172763445,1.0,0.022508705735714507,1.6904866294180896,0.9207034455984134,0.28328767123287674,0.408454357107677,0.4415110383776152
frozenset({'LUNCH BAG APPLE DESIGN'}),frozenset({'LUNCH BAG  BLACK SKULL.'}),0.05193631021146215,0.06353910291827816,0.0207946155005274,0.40038684719535783,6.301424301037454,1.0,0.017494628940805685,1.5617751090040328,0.8873936718175128,0.21962864721485412,0.359702946836107,0.3638297872340426
frozenset({'LUNCH BAG  BLACK SKULL.'}),frozenset({'LUNCH BAG APPLE DESIGN'}),0.06353910291827816,0.05193631021146215,0.0207946155005274,0.32727272727272727,6.3014243010374535,1.0,0.017494628940805685,1.4092838631991778,0.8983885193925958,0.21962864721485412,0.2904197471402769,0.3638297872340426
frozenset({'LUNCH BAG CARS BLUE'}),frozenset({'LUNCH BAG  BLACK SKULL.'}),0.05721030689637852,0.06353910291827816,0.025817469486162037,0.45127304653204564,7.102288603483397,1.0,0.02218237790828676,1.7066063388417296,0.9113382560547607,0.271957671957672,0.41404178735284786,0.4287985786019912
frozenset({'LUNCH BAG  BLACK SKULL.'}),frozenset({'LUNCH BAG CARS BLUE'}),0.06353910291827816,0.05721030689637852,0.025817469486162037,0.4063241106719368,7.102288603483397,1.0,0.02218237790828676,1.588054542977472,0.9174972680834508,0.271957671957672,0.3702987064127645,0.4287985786019912
frozenset({'LUNCH BAG  BLACK SKULL.'}),frozenset({'LUNCH BAG PINK POLKADOT'}),0.06353910291827816,0.054397508664423125,0.027123411522427043,0.42687747035573126,7.847371705736153,1.0,0.023667042620900334,1.6499133124682823,0.9317728074566736,0.29867256637168144,0.3939075511161295,0.4627462144022424
frozenset({'LUNCH BAG PINK POLKADOT'}),frozenset({'LUNCH BAG  BLACK SKULL.'}),0.054397508664423125,0.06353910291827816,0.027123411522427043,0.4986149584487535,7.847371705736153,1.0,0.023667042620900334,1.867747977052495,0.9227649114109329,0.29867256637168144,0.4645958596736877,0.4627462144022424
frozenset({'LUNCH BAG  BLACK SKULL.'}),frozenset({'LUNCH BAG RED RETROSPOT'}),0.06353910291827816,0.07815560801647496,0.03204580842834899,0.5043478260869566,6.453123952162737,1.0,0.02707987120694958,1.8598614925983403,0.9023722155227899,0.2922583600549703,0.46232555274697423,0.4571867665139153
frozenset({'LUNCH BAG RED RETROSPOT'}),frozenset({'LUNCH BAG  BLACK SKULL.'}),0.07815560801647496,0.06353910291827816,0.03204580842834899,0.41002570694087404,6.453123952162737,1.0,0.02707987120694958,1.5872910194544219,0.9166799752741729,0.2922583600549703,0.36999580559353473,0.4571867665139153
frozenset({'LUNCH BAG SPACEBOY DESIGN '}),frozenset({'LUNCH BAG  BLACK SKULL.'}),0.05781304937465468,0.06353910291827816,0.025516098247023958,0.4413553431798436,6.946200416891309,1.0,0.021842708952788278,1.676308697575524,0.9085632125043971,0.26624737945492666,0.40345116538122217,0.4214681854239139
frozenset({'LUNCH BAG  BLACK SKULL.'}),frozenset({'LUNCH BAG SPACEBOY DESIGN '}),0.06353910291827816,0.05781304937465468,0.025516098247023958,0.4015810276679842,6.946200416891309,1.0,0.021842708952788278,1.5744603600278229,0.9141186837672968,0.26624737945492666,0.3648617485788409,0.4214681854239139
frozenset({'LUNCH BAG  BLACK SKULL.'}),frozenset({'LUNCH BAG SUKI DESIGN '}),0.06353910291827816,0.054397508664423125,0.025817469486162037,0.4063241106719368,7.4695352902747825,1.0,0.022361100584635328,1.5927924787476764,0.9248895128631737,0.2802617230098146,0.37217182191477693,0.44046584111620846
frozenset({'LUNCH BAG SUKI DESIGN '}),frozenset({'LUNCH BAG  BLACK SKULL.'}),0.054397508664423125,0.06353910291827816,0.025817469486162037,0.47460757156048017,7.4695352902747825,1.0,0.022361100584635328,1.782402726782961,0.9159481609381181,0.2802617230098146,0.43895956566174643,0.44046584111620846
frozenset({'LUNCH BAG WOODLAND'}),frozenset({'LUNCH BAG  BLACK SKULL.'}),0.05052991109548446,0.06353910291827816,0.021949871917223366,0.4343936381709741,6.836634737032351,1.0,0.018739246695675935,1.6556760324502848,0.8991638754082476,0.2382769901853871,0.39601710696985215,0.3899240918127598
frozenset({'LUNCH BAG  BLACK SKULL.'}),frozenset({'LUNCH BAG WOODLAND'}),0.06353910291827816,0.05052991109548446,0.021949871917223366,0.34545454545454546,6.836634737032351,1.0,0.018739246695675935,1.4505793024930098,0.9116549419031381,0.2382769901853871,0.3106202478683037,0.3899240918127598
frozenset({'LUNCH BAG APPLE DESIGN'}),frozenset({'LUNCH BAG RED RETROSPOT'}),0.05193631021146215,0.07815560801647496,0.024411070370184338,0.4700193423597679,6.013891444113508,1.0,0.020351956467475257,1.7393925206404468,0.879390619464203,0.2309885931558935,0.42508663908029304,0.39117933698965257
frozenset({'LUNCH BAG RED RETROSPOT'}),frozenset({'LUNCH BAG APPLE DESIGN'}),0.07815560801647496,0.05193631021146215,0.024411070370184338,0.31233933161953725,6.013891444113508,1.0,0.020351956467475257,1.3786795339354811,0.9044024378786482,0.2309885931558935,0.27466827831594,0.39117933698965257
frozenset({'LUNCH BAG APPLE DESIGN'}),frozenset({'LUNCH BAG SUKI DESIGN '}),0.05193631021146215,0.054397508664423125,0.022502385855643178,0.4332688588007737,7.964865844750326,1.0,0.019677179970917,1.668520436930011,0.9223521759697256,0.268424206111444,0.40066661584322766,0.4234673010532031
frozenset({'LUNCH BAG SUKI DESIGN '}),frozenset({'LUNCH BAG APPLE DESIGN'}),0.054397508664423125,0.05193631021146215,0.022502385855643178,0.41366574330563255,7.964865844750327,1.0,0.019677179970917,1.6169338205369868,0.9247528588881638,0.268424206111444,0.38154549846208413,0.4234673010532031
frozenset({'LUNCH BAG CARS BLUE'}),frozenset({'LUNCH BAG PINK POLKADOT'}),0.05721030689637852,0.054397508664423125,0.02496358430860415,0.4363476733977173,8.021464293328858,1.0,0.021851486143514093,1.6776343265283833,0.9284514760379002,0.2881159420289855,0.4039225448674787,0.44762905368870165
frozenset({'LUNCH BAG PINK POLKADOT'}),frozenset({'LUNCH BAG CARS BLUE'}),0.054397508664423125,0.05721030689637852,0.02496358430860415,0.45891043397968606,8.021464293328858,1.0,0.021851486143514093,1.7423911904969662,0.9256896953803988,0.2881159420289855,0.4260760697976329,0.44762905368870165
frozenset({'LUNCH BAG CARS BLUE'}),frozenset({'LUNCH BAG RED RETROSPOT'}),0.05721030689637852,0.07815560801647496,0.02757546838113416,0.4820017559262511,6.167206271681063,1.0,0.023104162060838568,1.779628410964805,0.8886945121318074,0.2558247903075489,0.4380849429921938,0.41741475971119757
frozenset({'LUNCH BAG RED RETROSPOT'}),frozenset({'LUNCH BAG CARS BLUE'}),0.07815560801647496,0.05721030689637852,0.02757546838113416,0.352827763496144,6.167206271681063,1.0,0.023104162060838568,1.4567832795126465,0.9088866121459176,0.2558247903075489,0.3135560971467624,0.41741475971119757
frozenset({'LUNCH BAG SPACEBOY DESIGN '}),frozenset({'LUNCH BAG CARS BLUE'}),0.05781304937465468,0.05721030689637852,0.02400924205133357,0.4152910512597741,7.259025056655701,1.0,0.02070173975399409,1.6124085241638457,0.9151479469178228,0.26379690949227375,0.3798097783447439,0.4174787126360328
frozenset({'LUNCH BAG CARS BLUE'}),frozenset({'LUNCH BAG SPACEBOY DESIGN '}),0.05721030689637852,0.05781304937465468,0.02400924205133357,0.4196663740122915,7.259025056655701,1.0,0.02070173975399409,1.6235263793680306,0.9145628763071133,0.26379690949227375,0.38405682056779566,0.4174787126360328
frozenset({'LUNCH BAG CARS BLUE'}),frozenset({'LUNCH BAG SUKI DESIGN '}),0.05721030689637852,0.054397508664423125,0.023607413732482797,0.4126426690079017,7.585690579204353,1.0,0.02049531556739274,1.6099271115563858,0.9208552579376326,0.26826484018264835,0.37885386684788674,0.4233111775325751
frozenset({'LUNCH BAG SUKI DESIGN '}),frozenset({'LUNCH BAG CARS BLUE'}),0.054397508664423125,0.05721030689637852,0.023607413732482797,0.4339796860572484,7.585690579204353,1.0,0.02049531556739274,1.6656463909155337,0.9181160730632828,0.26826484018264835,0.39963247574394023,0.4233111775325751
frozenset({'LUNCH BAG CARS BLUE'}),frozenset({'LUNCH BAG WOODLAND'}),0.05721030689637852,0.05052991109548446,0.022100557536792406,0.3863037752414399,7.645051551970006,1.0,0.019209725815573016,1.5471336641806055,0.9219409599457548,0.25806451612903225,0.3536434355013398,0.4118397603841394
frozenset({'LUNCH BAG WOODLAND'}),frozenset({'LUNCH BAG CARS BLUE'}),0.05052991109548446,0.05721030689637852,0.022100557536792406,0.43737574552683894,7.645051551970005,1.0,0.019209725815573016,1.6757004085905358,0.9154542569000591,0.25806451612903225,0.4032346146880041,0.4118397603841394
frozenset({'LUNCH BAG RED RETROSPOT'}),frozenset({'LUNCH BAG PINK POLKADOT'}),0.07815560801647496,0.054397508664423125,0.03023758099352052,0.38688946015424164,7.1122643233710034,1.0,0.025986110629271066,1.5423034345054063,0.9322590764760412,0.29553264604810997,0.351619157665505,0.47137640136059267
frozenset({'LUNCH BAG PINK POLKADOT'}),frozenset({'LUNCH BAG RED RETROSPOT'}),0.054397508664423125,0.07815560801647496,0.03023758099352052,0.5558633425669437,7.1122643233710034,1.0,0.025986110629271066,2.075587269268519,0.9088362281188136,0.29553264604810997,0.5182086463883442,0.47137640136059267
frozenset({'LUNCH BAG SPACEBOY DESIGN '}),frozenset({'LUNCH BAG PINK POLKADOT'}),0.05781304937465468,0.054397508664423125,0.02134712943894721,0.369244135534318,6.787886883058852,1.0,0.018202243584672713,1.4991576687703154,0.9049995296124635,0.2349364289662797,0.3329587535510856,0.38083628752708515
frozenset({'LUNCH BAG PINK POLKADOT'}),frozenset({'LUNCH BAG SPACEBOY DESIGN '}),0.054397508664423125,0.05781304937465468,0.02134712943894721,0.3924284395198523,6.787886883058852,1.0,0.018202243584672713,1.55074235186512,0.9017306478524695,0.2349364289662797,0.35514755317201935,0.38083628752708515
frozenset({'LUNCH BAG SUKI DESIGN '}),frozenset({'LUNCH BAG PINK POLKADOT'}),0.054397508664423125,0.054397508664423125,0.020844844040383746,0.3831948291782087,7.044345202316673,1.0,0.017885755091487758,1.533065116940763,0.9074026052152945,0.2370074243289549,0.3477119863013363,0.3831948291782087
frozenset({'LUNCH BAG PINK POLKADOT'}),frozenset({'LUNCH BAG SUKI DESIGN '}),0.054397508664423125,0.054397508664423125,0.020844844040383746,0.3831948291782087,7.044345202316673,1.0,0.017885755091487758,1.533065116940763,0.9074026052152945,0.2370074243289549,0.3477119863013363,0.3831948291782087
frozenset({'LUNCH BAG SPACEBOY DESIGN '}),frozenset({'LUNCH BAG RED RETROSPOT'}),0.05781304937465468,0.07815560801647496,0.027927068160128583,0.4830582102519548,6.180723591199336,1.0,0.02340865413496596,1.783265370038718,0.8896394133227377,0.2584844258484425,0.4392309653956392,0.42019234420052753
frozenset({'LUNCH BAG RED RETROSPOT'}),frozenset({'LUNCH BAG SPACEBOY DESIGN '}),0.07815560801647496,0.05781304937465468,0.027927068160128583,0.35732647814910024,6.180723591199336,1.0,0.02340865413496596,1.4660428951730373,0.9092712970690303,0.2584844258484425,0.31789171838524555,0.42019234420052753
frozenset({'LUNCH BAG RED RETROSPOT'}),frozenset({'LUNCH BAG SUKI DESIGN '}),0.07815560801647496,0.054397508664423125,0.02787683962027224,0.35668380462724936,6.55698787287526,1.0,0.023625369256022787,1.4698875889292282,0.9193427394593416,0.2663147792706334,0.31967586669095444,0.4345745892942341
frozenset({'LUNCH BAG SUKI DESIGN '}),frozenset({'LUNCH BAG RED RETROSPOT'}),0.054397508664423125,0.07815560801647496,0.02787683962027224,0.5124653739612188,6.55698787287526,1.0,0.023625369256022787,1.8908285540116623,0.896244411839865,0.2663147792706334,0.47113132077556286,0.4345745892942341
frozenset({'LUNCH BAG WOODLAND'}),frozenset({'LUNCH BAG RED RETROSPOT'}),0.05052991109548446,0.07815560801647496,0.02621929780501281,0.5188866799204771,6.639148400087904,1.0,0.022270101880326798,1.9160649965607979,0.8945813908189887,0.2558823529411765,0.47809703648105367,0.4271811291633234
frozenset({'LUNCH BAG RED RETROSPOT'}),frozenset({'LUNCH BAG WOODLAND'}),0.07815560801647496,0.05052991109548446,0.02621929780501281,0.33547557840616965,6.639148400087904,1.0,0.022270101880326798,1.428796381368884,0.9213900741378163,0.2558823529411765,0.3001102095163959,0.4271811291633234
frozenset({'LUNCH BAG SPACEBOY DESIGN '}),frozenset({'LUNCH BAG SUKI DESIGN '}),0.05781304937465468,0.054397508664423125,0.022803757094781253,0.3944396177237185,7.251060340961692,1.0,0.019658871240506755,1.5615329519759669,0.914987344019562,0.25505617977528083,0.35960365182521575,0.40682276361716857
frozenset({'LUNCH BAG SUKI DESIGN '}),frozenset({'LUNCH BAG SPACEBOY DESIGN '}),0.054397508664423125,0.05781304937465468,0.022803757094781253,0.41920590951061865,7.251060340961691,1.0,0.019658871240506755,1.6222392170544497,0.9116823860150295,0.25505617977528083,0.38356810174042577,0.40682276361716857
frozenset({'LUNCH BAG SPACEBOY DESIGN '}),frozenset({'LUNCH BAG WOODLAND'}),0.05781304937465468,0.05052991109548446,0.023808327891908183,0.4118158123370982,8.14994135966132,1.0,0.02088703964684803,1.6142393978273226,0.9311312686615174,0.2816399286987522,0.38051319937678085,0.4414943872818692
frozenset({'LUNCH BAG WOODLAND'}),frozenset({'LUNCH BAG SPACEBOY DESIGN '}),0.05052991109548446,0.05781304937465468,0.023808327891908183,0.4711729622266402,8.14994135966132,1.0,0.02088703964684803,1.7816542712952959,0.9239888027060648,0.2816399286987522,0.4387238780770967,0.4414943872818692
frozenset({'WHITE HANGING HEART T-LIGHT HOLDER'}),frozenset({'NATURAL SLATE HEART CHALKBOARD '}),0.112963986136923,0.06258476066100759,0.0207946155005274,0.1840818141396176,2.9413200944668114,1.0,0.013724791464834695,1.1489083778056643,0.7440696790147773,0.13437195715676728,0.1296085751329179,0.2581725282576097
frozenset({'NATURAL SLATE HEART CHALKBOARD '}),frozenset({'WHITE HANGING HEART T-LIGHT HOLDER'}),0.06258476066100759,0.112963986136923,0.0207946155005274,0.3322632423756019,2.941320094466811,1.0,0.013724791464834695,1.3284217226843675,0.7040813658790638,0.13437195715676728,0.24722700410282325,0.2581725282576097
frozenset({'PACK OF 72 RETROSPOT CAKE CASES'}),frozenset({'PACK OF 60 PINK PAISLEY CAKE CASES'}),0.06579938721181375,0.043548144055452306,0.021497815058516247,0.3267175572519084,7.502445037287479,1.0,0.018632373865455697,1.4205804209607227,0.9277558887951468,0.24471126357918813,0.29606238038694693,0.41018692164786885
frozenset({'PACK OF 60 PINK PAISLEY CAKE CASES'}),frozenset({'PACK OF 72 RETROSPOT CAKE CASES'}),0.043548144055452306,0.06579938721181375,0.021497815058516247,0.4936562860438293,7.50244503728748,1.0,0.018632373865455697,1.84499300976619,0.9061722390348144,0.24471126357918813,0.457992526417904,0.41018692164786885
"frozenset({""PAPER CHAIN KIT 50'S CHRISTMAS ""})",frozenset({'PAPER CHAIN KIT VINTAGE CHRISTMAS'}),0.05796373499422372,0.0408358029032096,0.027475011301421468,0.47400346620450606,11.607546136119941,1.0,0.025108015643663474,1.8235180946452982,0.9700785214131806,0.38521126760563384,0.4516094998253829,0.5734100971858939
frozenset({'PAPER CHAIN KIT VINTAGE CHRISTMAS'}),"frozenset({""PAPER CHAIN KIT 50'S CHRISTMAS ""})",0.0408358029032096,0.05796373499422372,0.027475011301421468,0.6728167281672817,11.60754613611994,1.0,0.025108015643663474,2.879231140788331,0.9527556906736597,0.38521126760563384,0.6526850568425706,0.5734100971858939
frozenset({'SPOTTY BUNTING'}),frozenset({'PARTY BUNTING'}),0.05710984981666583,0.08418303279923653,0.024159927670902605,0.42304309586631483,5.025277443676886,1.0,0.019352247310626753,1.5873230056513232,0.8495220908922164,0.2062607204116638,0.3700085008283037,0.35501796798089014
frozenset({'PARTY BUNTING'}),frozenset({'SPOTTY BUNTING'}),0.08418303279923653,0.05710984981666583,0.024159927670902605,0.2869928400954654,5.025277443676887,1.0,0.019352247310626753,1.3224132984998058,0.8746354790889426,0.2062607204116638,0.2438067575889953,0.35501796798089014
frozenset({'ROSES REGENCY TEACUP AND SAUCER '}),frozenset({'PINK REGENCY TEACUP AND SAUCER'}),0.05334270932743985,0.03832437591039228,0.029986438294238787,0.5621468926553673,14.668129077163446,1.0,0.027942112249895193,2.1963430382433624,0.9843319105209286,0.48615635179153105,0.5446977168011965,0.6722923191979326
frozenset({'PINK REGENCY TEACUP AND SAUCER'}),frozenset({'ROSES REGENCY TEACUP AND SAUCER '}),0.03832437591039228,0.05334270932743985,0.029986438294238787,0.7824377457404981,14.668129077163444,1.0,0.027942112249895193,4.351201884235924,0.9689597575257464,0.48615635179153105,0.7701784411284329,0.6722923191979326
frozenset({'WHITE HANGING HEART T-LIGHT HOLDER'}),frozenset({'RED HANGING HEART T-LIGHT HOLDER'}),0.112963986136923,0.03716911949369632,0.02481289868903511,0.21965317919075145,5.909561006092797,1.0,0.020614126789827564,1.2338499431673373,0.9365828217202122,0.19799599198396792,0.18952867361409934,0.4436103733791595
frozenset({'RED HANGING HEART T-LIGHT HOLDER'}),frozenset({'WHITE HANGING HEART T-LIGHT HOLDER'}),0.03716911949369632,0.112963986136923,0.02481289868903511,0.6675675675675675,5.909561006092797,1.0,0.020614126789827564,2.6683197164986865,0.8628542246115575,0.19799599198396792,0.6252323161213308,0.4436103733791595
frozenset({'STRAWBERRY CHARLOTTE BAG'}),frozenset({'RED RETROSPOT CHARLOTTE BAG'}),0.03576272037771862,0.0512331106534733,0.023908784971620876,0.6685393258426967,13.048970037453186,1.0,0.022076549561239993,2.8623814627742674,0.9576124245603852,0.37898089171974525,0.6506405547250913,0.5676029962546817
frozenset({'RED RETROSPOT CHARLOTTE BAG'}),frozenset({'STRAWBERRY CHARLOTTE BAG'}),0.0512331106534733,0.03576272037771862,0.023908784971620876,0.46666666666666673,13.048970037453186,1.0,0.022076549561239993,1.807944899291778,0.9732270482442541,0.37898089171974525,0.44688579812817986,0.5676029962546817
frozenset({'RED RETROSPOT CHARLOTTE BAG'}),frozenset({'WOODLAND CHARLOTTE BAG'}),0.0512331106534733,0.04133808830177307,0.024863127228891457,0.4852941176470589,11.739636194696592,1.0,0.02274524837672367,1.862543142727984,0.9642183922982273,0.3672106824925816,0.4630996850170437,0.5433760989207348
frozenset({'WOODLAND CHARLOTTE BAG'}),frozenset({'RED RETROSPOT CHARLOTTE BAG'}),0.04133808830177307,0.0512331106534733,0.024863127228891457,0.6014580801944107,11.739636194696592,1.0,0.02274524837672367,2.380594969305462,0.9542660176108779,0.3672106824925816,0.5799369431198328,0.5433760989207348
frozenset({'ROSES REGENCY TEACUP AND SAUCER '}),frozenset({'REGENCY CAKESTAND 3 TIER'}),0.05334270932743985,0.0990004520568587,0.02621929780501281,0.4915254237288136,4.964880599196829,1.0,0.020938345467658652,1.7719657776215112,0.8435843626443796,0.20788530465949825,0.4356550151085377,0.37818280318860775
frozenset({'REGENCY CAKESTAND 3 TIER'}),frozenset({'ROSES REGENCY TEACUP AND SAUCER '}),0.0990004520568587,0.05334270932743985,0.02621929780501281,0.26484018264840187,4.96488059919683,1.0,0.020938345467658652,1.287689109672613,0.886332616944956,0.20788530465949825,0.2234150366820732,0.37818280318860775
frozenset({'SET OF 3 CAKE TINS PANTRY DESIGN '}),frozenset({'SET OF 6 SPICE TINS PANTRY DESIGN'}),0.069315385001758,0.041790145160480185,0.02049324426138932,0.29565217391304344,7.074686454849497,1.0,0.01759654426031128,1.3604213988462317,0.9226014546354998,0.22616407982261638,0.264933644201645,0.3930183946488294
frozenset({'SET OF 6 SPICE TINS PANTRY DESIGN'}),frozenset({'SET OF 3 CAKE TINS PANTRY DESIGN '}),0.041790145160480185,0.069315385001758,0.02049324426138932,0.49038461538461536,7.074686454849497,1.0,0.01759654426031128,1.826249055845607,0.8960990906820346,0.22616407982261638,0.45242955948471625,0.3930183946488294
frozenset({'WHITE HANGING HEART T-LIGHT HOLDER'}),frozenset({'WOODEN PICTURE FRAME WHITE FINISH'}),0.112963986136923,0.05520116530212467,0.02049324426138932,0.18141396176078256,3.2864154364835487,1.0,0.014257500589458114,1.1541839105027276,0.7843166400195413,0.13877551020408163,0.13358695187110156,0.27633027478393996
frozenset({'WOODEN PICTURE FRAME WHITE FINISH'}),frozenset({'WHITE HANGING HEART T-LIGHT HOLDER'}),0.05520116530212467,0.112963986136923,0.02049324426138932,0.37124658780709735,3.2864154364835487,1.0,0.014257500589458114,1.410785208734474,0.7363653302894788,0.13877551020408163,0.2911748763675822,0.27633027478393996
frozenset({'WOODEN FRAME ANTIQUE WHITE '}),frozenset({'WOODEN PICTURE FRAME WHITE FINISH'}),0.048420312421517904,0.05520116530212467,0.02702295444271435,0.558091286307054,10.110135959132972,1.0,0.02435009677275362,2.1379954850909666,0.94694051750273,0.3527868852459016,0.5322721647574236,0.5238136140361476
frozenset({'WOODEN PICTURE FRAME WHITE FINISH'}),frozenset({'WOODEN FRAME ANTIQUE WHITE '}),0.05520116530212467,0.048420312421517904,0.02702295444271435,0.4895359417652411,10.110135959132974,1.0,0.02435009677275362,1.8641463041867237,0.9537367413125583,0.3527868852459016,0.4635614180313637,0.5238136140361476
"frozenset({'ROSES REGENCY TEACUP AND SAUCER ', 'PINK REGENCY TEACUP AND SAUCER'})",frozenset({'GREEN REGENCY TEACUP AND SAUCER'}),0.029986438294238787,0.050730825254909837,0.027123411522427043,0.9045226130653267,17.829842280710483,1.0,0.02560217476130488,9.942345567067001,0.9730938736997146,0.5060918462980318,0.899420112361373,0.7195880392059306
"frozenset({'GREEN REGENCY TEACUP AND SAUCER', 'ROSES REGENCY TEACUP AND SAUCER '})",frozenset({'PINK REGENCY TEACUP AND SAUCER'}),0.03837460445024863,0.03832437591039228,0.027123411522427043,0.7068062827225131,18.442734315494775,1.0,0.0256527287560631,3.2800007893056264,0.9835203079810027,0.5471124620060792,0.6951220245859455,0.7072694585303261
"frozenset({'GREEN REGENCY TEACUP AND SAUCER', 'PINK REGENCY TEACUP AND SAUCER'})",frozenset({'ROSES REGENCY TEACUP AND SAUCER '}),0.031694208649354565,0.05334270932743985,0.027123411522427043,0.8557844690966719,16.0431384136023,1.0,0.02543275656308129,6.564184070487752,0.9683594425424491,0.46834345186470083,0.8476581416270834,0.6821295226839292
frozenset({'ROSES REGENCY TEACUP AND SAUCER '}),"frozenset({'GREEN REGENCY TEACUP AND SAUCER', 'PINK REGENCY TEACUP AND SAUCER'})",0.05334270932743985,0.031694208649354565,0.027123411522427043,0.5084745762711864,16.043138413602296,1.0,0.02543275656308129,1.9700014375754509,0.9905042358642401,0.46834345186470083,0.4923861572249741,0.6821295226839292
frozenset({'PINK REGENCY TEACUP AND SAUCER'}),"frozenset({'GREEN REGENCY TEACUP AND SAUCER', 'ROSES REGENCY TEACUP AND SAUCER '})",0.03832437591039228,0.03837460445024863,0.027123411522427043,0.7077326343381389,18.442734315494775,1.0,0.0256527287560631,3.2902250080917503,0.9834689384882637,0.5471124620060792,0.6960694184924527,0.7072694585303261
frozenset({'GREEN REGENCY TEACUP AND SAUCER'}),"frozenset({'ROSES REGENCY TEACUP AND SAUCER ', 'PINK REGENCY TEACUP AND SAUCER'})",0.050730825254909837,0.029986438294238787,0.027123411522427043,0.5346534653465347,17.829842280710483,1.0,0.02560217476130488,2.0844972283464234,0.9943589019995178,0.5060918462980318,0.5202680116810356,0.7195880392059306
"frozenset({'ROSES REGENCY TEACUP AND SAUCER ', 'GREEN REGENCY TEACUP AND SAUCER'})",frozenset({'REGENCY CAKESTAND 3 TIER'}),0.03837460445024863,0.0990004520568587,0.02034255864182028,0.5301047120418848,5.35456860073155,1.0,0.016543455453742525,1.9174475059291363,0.8456968747279534,0.17381974248927037,0.4784733366061927,0.3677920820483397
"frozenset({'GREEN REGENCY TEACUP AND SAUCER', 'REGENCY CAKESTAND 3 TIER'})",frozenset({'ROSES REGENCY TEACUP AND SAUCER '}),0.025415641167311265,0.05334270932743985,0.02034255864182028,0.8003952569169961,15.004773229717962,1.0,0.01898681948266188,4.742659297824906,0.9576949727132686,0.34823731728288915,0.7891478309524315,0.5908755945601929
"frozenset({'ROSES REGENCY TEACUP AND SAUCER ', 'REGENCY CAKESTAND 3 TIER'})",frozenset({'GREEN REGENCY TEACUP AND SAUCER'}),0.02621929780501281,0.050730825254909837,0.02034255864182028,0.7758620689655171,15.293700921816319,1.0,0.019012432026567737,4.235200933478093,0.9597783165122106,0.35936113575865125,0.7638836939009725,0.5884260839877091
frozenset({'GREEN REGENCY TEACUP AND SAUCER'}),"frozenset({'ROSES REGENCY TEACUP AND SAUCER ', 'REGENCY CAKESTAND 3 TIER'})",0.050730825254909837,0.02621929780501281,0.02034255864182028,0.400990099009901,15.29370092181632,1.0,0.019012432026567737,1.625650428457747,0.9845612054723649,0.35936113575865125,0.38486160216578735,0.5884260839877091
frozenset({'ROSES REGENCY TEACUP AND SAUCER '}),"frozenset({'GREEN REGENCY TEACUP AND SAUCER', 'REGENCY CAKESTAND 3 TIER'})",0.05334270932743985,0.025415641167311265,0.02034255864182028,0.3813559322033898,15.00477322971796,1.0,0.01898681948266188,1.575355538935031,0.9859476603998278,0.34823731728288915,0.3652226590855686,0.5908755945601929
frozenset({'REGENCY CAKESTAND 3 TIER'}),"frozenset({'ROSES REGENCY TEACUP AND SAUCER ', 'GREEN REGENCY TEACUP AND SAUCER'})",0.0990004520568587,0.03837460445024863,0.02034255864182028,0.2054794520547945,5.354568600731549,1.0,0.016543455453742525,1.210321618536756,0.9026015534990894,0.17381974248927037,0.17377333042355206,0.3677920820483397
"frozenset({'JUMBO BAG RED RETROSPOT', 'JUMBO STORAGE BAG SUKI'})",frozenset({'JUMBO BAG PINK POLKADOT'}),0.03631523431613843,0.06107790446531719,0.020744386960671053,0.5712309820193637,9.352498043604863,1.0,0.01852632854847434,2.189808629263147,0.9267311540976837,0.2706422018348624,0.5433390906234159,0.4554345699570503
"frozenset({'JUMBO BAG RED RETROSPOT', 'JUMBO BAG PINK POLKADOT'})",frozenset({'JUMBO STORAGE BAG SUKI'}),0.04133808830177307,0.059068762871063336,0.020744386960671053,0.5018226002430134,8.495566452583464,1.0,0.018302597225230543,1.888747336968573,0.9203364965357517,0.26040353089533413,0.4705485585991648,0.4265065382167448
"frozenset({'JUMBO STORAGE BAG SUKI', 'JUMBO BAG PINK POLKADOT'})",frozenset({'JUMBO BAG RED RETROSPOT'}),0.025867698026018383,0.10467627706062585,0.020744386960671053,0.8019417475728156,7.661160389840299,1.0,0.018036652635178948,4.520507032488017,0.8925599415310543,0.1889295516925892,0.7787858767140076,0.5000591655330489
frozenset({'JUMBO BAG RED RETROSPOT'}),"frozenset({'JUMBO STORAGE BAG SUKI', 'JUMBO BAG PINK POLKADOT'})",0.10467627706062585,0.025867698026018383,0.020744386960671053,0.19817658349328215,7.6611603898403,1.0,0.018036652635178948,1.2148963000082451,0.9711252457813896,0.1889295516925892,0.17688447977558805,0.5000591655330489
frozenset({'JUMBO STORAGE BAG SUKI'}),"frozenset({'JUMBO BAG RED RETROSPOT', 'JUMBO BAG PINK POLKADOT'})",0.059068762871063336,0.04133808830177307,0.020744386960671053,0.3511904761904762,8.495566452583464,1.0,0.018302597225230543,1.4775706528926802,0.9376790889276334,0.26040353089533413,0.3232134124738652,0.4265065382167448
frozenset({'JUMBO BAG PINK POLKADOT'}),"frozenset({'JUMBO BAG RED RETROSPOT', 'JUMBO STORAGE BAG SUKI'})",0.06107790446531719,0.03631523431613843,0.020744386960671053,0.33963815789473684,9.352498043604863,1.0,0.01852632854847434,1.459328362480169,0.9511723063455924,0.2706422018348624,0.3147532620414008,0.4554345699570503
